Biofilm_EPS::polysaccharide_intercellular,Biofilm_EPS::pel,Biofilm_EPS::psl,Biofilm_EPS::cellulose,Biofilm_EPS::alginate,Biofilm_EPS::curli,Biofilm_EPS::colanic,Biofilm_EPS::capsule,Biofilm_EPS::adhesin,Biofilm_EPS::quorum,Ammonia_N::urea_transport,Ammonia_N::GS_GOGAT,Ammonia_N::GDH,Ammonia_N::ammonium_transport,Ammonia_N::PII_regulator,Ammonia_N::nitrate_nitrite,HGT_markers::transposase,HGT_markers::integrase,HGT_markers::phage,HGT_markers::plasmid,HGT_markers::conjugation,Alkaline_Osmo::Na_H_antiporter,Alkaline_Osmo::Mrp_complex,Alkaline_Osmo::K_uptake,Alkaline_Osmo::compatible_solute,Alkaline_Osmo::HSP_chaperone,Alkaline_Osmo::oxidative,CAZyme_proxy::glycoside_hydrolase,CAZyme_proxy::glycosyltransferase,CAZyme_proxy::polysaccharide_lyase,CAZyme_proxy::carb_esterase,CAZyme_proxy::carb_binding,MetalResist_AMR::metal_efflux,MetalResist_AMR::metallothionein,MetalResist_AMR::beta_lactamase,MetalResist_AMR::efflux_MDR,MetalResist_AMR::aminoglycoside,MetalResist_AMR::tet_mac,Sample,Genus,Hero
389.6987366375121,0.0,0.0,0.0,0.9718172983479105,0.0,0.0,0.0,0.9718172983479105,0.0,1.943634596695821,5.830903790087463,0.9718172983479105,0.0,0.0,0.0,2.9154518950437316,0.9718172983479105,0.9718172983479105,0.0,0.0,0.0,0.0,0.0,3.887269193391642,0.9718172983479105,0.0,0.0,0.9718172983479105,0.0,0.0,0.0,25.267249757045676,0.0,0.9718172983479105,0.0,0.0,0.0,C1,Pseudomonas_E,False
424.2894056847545,0.0,0.0,0.0,0.0,0.0,0.0,0.0,2.0671834625322996,0.5167958656330749,0.0,0.0,0.0,0.5167958656330749,0.0,0.0,1.550387596899225,0.5167958656330749,1.0335917312661498,0.0,0.5167958656330749,0.0,0.0,0.5167958656330749,9.819121447028422,1.0335917312661498,0.0,0.0,1.550387596899225,0.0,0.0,0.0,13.953488372093023,0.0,1.0335917312661498,3.10077519379845,0.5167958656330749,0.0,C10,Acinetobacter,False
231.98198198198196,0.0,0.5630630630630631,0.0,0.0,0.28153153153153154,0.0,0.0,2.815315315315315,1.9707207207207205,0.0,1.6891891891891893,0.28153153153153154,0.28153153153153154,0.5630630630630631,1.1261261261261262,0.5630630630630631,1.1261261261261262,3.3783783783783785,0.5630630630630631,0.0,0.28153153153153154,0.0,0.28153153153153154,14.92117117117117,1.1261261261261262,0.0,2.2522522522522523,7.601351351351352,0.28153153153153154,0.0,0.0,20.833333333333332,0.28153153153153154,5.912162162162162,1.4076576576576576,0.0,1.1261261261261262,C11,Stenotrophomonas,False
595.3177257525084,0.0,0.0,0.0,0.0,0.0,0.0,0.0,0.0,0.0,0.0,0.0,0.0,0.47778308647873863,0.47778308647873863,0.0,1.9111323459149545,1.433349259436216,0.9555661729574773,0.47778308647873863,0.0,0.0,0.0,0.47778308647873863,8.122312470138558,0.9555661729574773,0.0,0.0,1.9111323459149545,0.0,0.0,0.47778308647873863,11.944577161968466,0.0,1.433349259436216,0.47778308647873863,0.47778308647873863,0.0,C12,Comamonas,False
472.04493234618326,0.0,0.0,0.0,0.0,0.0,0.0,0.0,0.5105948429920858,2.042379371968343,0.0,0.7658922644881286,0.0,0.0,0.0,0.0,1.7870819504723003,1.0211896859841716,0.7658922644881286,0.2552974214960429,0.0,0.0,0.0,0.0,18.636711769211132,1.2764871074802144,0.0,4.084758743936686,4.084758743936686,0.0,0.0,1.2764871074802144,20.16849629818739,0.0,2.552974214960429,1.7870819504723003,0.2552974214960429,0.2552974214960429,C13,Sphingobacterium,False
181.9620253164557,0.0,0.0,0.5274261603375527,0.5274261603375527,0.0,0.0,0.0,7.383966244725738,0.5274261603375527,0.26371308016877637,1.0548523206751055,0.5274261603375527,0.26371308016877637,0.5274261603375527,1.0548523206751055,1.0548523206751055,1.3185654008438819,4.746835443037975,0.5274261603375527,0.26371308016877637,0.7911392405063291,0.0,0.7911392405063291,12.658227848101266,0.7911392405063291,0.26371308016877637,0.5274261603375527,4.219409282700422,0.0,0.0,0.0,20.833333333333332,0.0,1.5822784810126582,1.5822784810126582,0.7911392405063291,0.5274261603375527,C14,Bordetella,False
189.88426918131162,0.0,0.0,0.0,0.0,0.4286326618088298,0.0,0.0,0.4286326618088298,0.0,0.0,0.4286326618088298,0.8572653236176596,0.8572653236176596,0.4286326618088298,0.0,3.4290612944706385,2.571795970852979,2.571795970852979,0.4286326618088298,0.8572653236176596,0.0,0.0,0.8572653236176596,16.71667381054436,2.1431633090441493,0.0,0.4286326618088298,1.7145306472353192,0.0,0.4286326618088298,0.0,17.57393913416202,0.0,2.1431633090441493,0.4286326618088298,1.2858979854264896,0.4286326618088298,C15,Acinetobacter,False
291.0500352360817,0.0,0.0,0.3523608174770966,0.0,0.0,0.0,0.0,3.171247357293869,0.7047216349541932,0.0,1.0570824524312896,0.7047216349541932,1.0570824524312896,0.0,0.3523608174770966,1.4094432699083863,1.0570824524312896,3.5236081747709656,0.0,0.3523608174770966,0.0,0.0,0.3523608174770966,14.446793516560959,1.4094432699083863,0.0,0.0,3.875968992248062,0.0,0.0,0.0,13.037350246652572,0.0,1.7618040873854828,2.8188865398167726,1.0570824524312896,0.3523608174770966,C16,Acinetobacter,False
438.0378657487091,0.0,0.0,0.0,0.0,0.0,0.0,0.0,0.8605851979345955,0.0,1.2908777969018934,0.0,0.0,0.0,0.43029259896729777,0.43029259896729777,1.721170395869191,2.581755593803787,1.2908777969018934,0.0,0.0,0.0,0.0,0.43029259896729777,11.18760757314974,1.2908777969018934,0.0,0.0,3.87263339070568,0.0,0.43029259896729777,0.0,12.908777969018933,0.0,2.581755593803787,0.8605851979345955,0.0,0.0,C17,Paraburkholderia,False
149.21630094043886,0.0,0.0,0.41797283176593525,0.0,0.20898641588296762,0.20898641588296762,0.0,0.8359456635318705,1.8808777429467085,0.8359456635318705,1.671891327063741,0.41797283176593525,0.20898641588296762,0.41797283176593525,0.8359456635318705,2.5078369905956115,0.6269592476489029,1.4629049111807733,0.20898641588296762,2.716823406478579,0.20898641588296762,0.20898641588296762,0.41797283176593525,16.091954022988507,2.2988505747126435,0.0,1.671891327063741,5.851619644723093,0.0,0.20898641588296762,0.20898641588296762,18.18181818181818,0.0,2.716823406478579,0.41797283176593525,1.0449320794148382,0.8359456635318705,C18,Agrobacterium,False
308.94563684787715,0.31333228889237036,0.0,0.31333228889237036,0.31333228889237036,0.15666614444618518,0.0,0.0,1.0966630111232962,2.0366598778004072,1.0966630111232962,0.939996866677111,0.15666614444618518,0.15666614444618518,0.31333228889237036,1.0966630111232962,1.5666614444618518,0.7833307222309259,0.939996866677111,0.15666614444618518,0.15666614444618518,0.0,0.0,0.31333228889237036,15.823280589064701,1.7233275889080368,0.0,1.0966630111232962,4.54331818893937,0.15666614444618518,0.15666614444618518,0.0,15.196616011279962,0.0,2.3499921666927777,1.0966630111232962,0.15666614444618518,0.15666614444618518,C19,Paraburkholderia,False
402.64650283553874,0.7088846880907372,0.0,0.23629489603024575,0.7088846880907372,0.0,0.0,0.0,0.945179584120983,1.4177693761814745,0.4725897920604915,1.4177693761814745,0.23629489603024575,0.0,0.0,0.23629489603024575,2.835538752362949,0.4725897920604915,1.890359168241966,0.0,0.0,0.0,0.0,0.0,12.051039697542533,1.4177693761814745,0.0,0.7088846880907372,4.253308128544424,0.23629489603024575,0.0,0.0,14.177693761814744,0.0,2.126654064272212,1.1814744801512287,0.7088846880907372,0.0,C2,Paraburkholderia,False
376.8745924798957,0.0,0.0,0.0,0.21734405564007825,0.0,0.0,0.0,2.3907846120408607,1.3040643338404696,0.4346881112801565,0.4346881112801565,0.21734405564007825,0.0,0.21734405564007825,1.086720278200391,0.4346881112801565,0.6520321669202348,5.650945446642035,0.4346881112801565,0.0,0.6520321669202348,0.0,0.6520321669202348,9.128450336883287,0.6520321669202348,0.0,0.21734405564007825,3.69484894588133,0.21734405564007825,0.0,0.0,14.77939578352532,0.0,1.086720278200391,1.5214083894805477,0.4346881112801565,0.21734405564007825,C20,Achromobacter,False
479.6163069544365,0.0,0.0,0.6851661527920521,0.0,0.0,0.0,0.0,2.055498458376156,0.6851661527920521,0.0,1.7129153819801302,0.34258307639602603,0.34258307639602603,0.6851661527920521,0.0,1.027749229188078,0.0,2.7406646111682083,0.34258307639602603,0.34258307639602603,0.0,0.0,0.34258307639602603,7.8794107571086,0.34258307639602603,0.0,1.027749229188078,2.7406646111682083,0.34258307639602603,0.0,0.0,13.703323055841041,0.0,1.7129153819801302,1.3703323055841041,0.34258307639602603,1.027749229188078,C21,Stenotrophomonas,False
536.0087960417812,0.0,0.0,0.2748763056624519,0.0,0.0,0.0,0.0,1.9241341396371632,2.473886750962067,0.0,0.0,0.0,0.0,0.0,0.0,4.123144584936778,1.0995052226498077,1.3743815283122593,0.2748763056624519,0.0,0.2748763056624519,0.0,0.2748763056624519,15.393073117097305,1.3743815283122593,0.2748763056624519,3.298515667949423,3.8482682792743264,0.5497526113249038,0.0,1.3743815283122593,19.791094007696536,0.0,2.1990104452996153,1.3743815283122593,0.0,1.3743815283122593,C22,Sphingobacterium,True
448.52734922861146,0.0,0.0,0.0,0.841514726507714,0.0,0.0,0.0,1.402524544179523,0.2805049088359046,0.2805049088359046,1.1220196353436185,0.2805049088359046,0.0,0.0,0.2805049088359046,1.402524544179523,0.841514726507714,4.207573632538569,0.2805049088359046,0.0,0.0,0.0,0.2805049088359046,8.695652173913043,1.1220196353436185,0.0,0.841514726507714,1.9635343618513326,0.0,0.0,0.0,18.513323983169705,0.0,1.1220196353436185,0.5610098176718092,0.2805049088359046,0.2805049088359046,C3,Pseudomonas_E,False
422.13642213642214,0.0,0.0,0.5148005148005148,1.0296010296010296,0.0,0.0,0.2574002574002574,2.0592020592020592,0.7722007722007722,0.7722007722007722,1.0296010296010296,0.5148005148005148,0.5148005148005148,0.0,0.5148005148005148,1.5444015444015444,0.5148005148005148,5.405405405405405,0.2574002574002574,0.2574002574002574,0.5148005148005148,0.0,0.5148005148005148,9.00900900900901,0.7722007722007722,0.0,0.7722007722007722,2.3166023166023164,0.2574002574002574,0.0,0.0,14.414414414414415,0.2574002574002574,1.5444015444015444,1.287001287001287,0.2574002574002574,0.2574002574002574,C4,Pseudomonas_E,False
373.1048121292024,0.0,0.0,0.0,0.21973192704900024,0.21973192704900024,0.21973192704900024,0.0,1.098659635245001,0.878927708196001,0.21973192704900024,0.21973192704900024,0.21973192704900024,0.0,0.21973192704900024,1.3183915622940012,0.4394638540980005,0.6591957811470006,4.614370468029005,0.0,0.0,0.4394638540980005,0.0,0.878927708196001,8.569545154911008,0.4394638540980005,0.0,0.4394638540980005,3.515710832784004,0.21973192704900024,0.0,0.0,13.843111404087013,0.0,1.5381234893430016,2.197319270490002,0.21973192704900024,0.4394638540980005,C5,Achromobacter,False
347.6923076923077,0.0,0.0,0.0,0.0,0.6153846153846154,0.0,0.0,0.0,0.6153846153846154,1.2307692307692308,1.2307692307692308,0.0,0.6153846153846154,0.0,0.0,2.4615384615384617,1.2307692307692308,0.6153846153846154,0.0,0.0,0.6153846153846154,0.0,0.0,8.0,1.2307692307692308,0.0,0.0,6.153846153846154,0.0,0.0,0.0,12.923076923076923,0.0,2.4615384615384617,0.6153846153846154,0.0,0.0,C6,Acinetobacter,False
375.5733944954128,0.0,0.0,0.0,0.0,0.0,0.0,0.0,0.573394495412844,1.529051987767584,0.382262996941896,0.573394495412844,0.0,0.191131498470948,0.191131498470948,1.146788990825688,0.382262996941896,1.146788990825688,4.969418960244648,0.191131498470948,0.0,0.382262996941896,0.0,0.764525993883792,10.321100917431194,0.191131498470948,0.0,0.191131498470948,4.013761467889909,0.191131498470948,0.0,0.0,16.24617737003058,0.0,1.337920489296636,1.146788990825688,0.382262996941896,0.382262996941896,C7,Achromobacter,False
473.84978372001575,0.0,0.0,0.0,0.0,0.39323633503735744,0.0,0.39323633503735744,0.0,0.0,0.0,0.39323633503735744,0.39323633503735744,0.39323633503735744,0.39323633503735744,1.5729453401494298,0.39323633503735744,0.0,1.966181675186787,0.0,0.7864726700747149,0.39323633503735744,0.0,0.0,8.651199370821864,0.39323633503735744,0.0,0.0,1.966181675186787,0.0,0.0,0.0,13.763271726307511,0.0,1.1797090051120724,0.39323633503735744,0.39323633503735744,0.39323633503735744,C8,Diaphorobacter,False
511.14922813036026,0.0,0.0,0.0,1.3722126929674099,0.34305317324185247,0.0,0.0,1.0291595197255574,0.6861063464837049,0.0,1.7152658662092624,0.6861063464837049,0.34305317324185247,0.6861063464837049,2.4013722126929675,0.0,0.34305317324185247,5.145797598627787,0.0,0.0,0.0,0.0,1.3722126929674099,6.174957118353345,0.34305317324185247,0.34305317324185247,0.0,1.7152658662092624,0.0,0.0,0.0,13.036020583190394,0.0,0.34305317324185247,1.3722126929674099,0.0,0.0,C9,Microvirgula,False
97.22222222222223,0.0,0.0,0.0,4.9603174603174605,0.0,0.0,0.248015873015873,0.992063492063492,0.744047619047619,0.992063492063492,1.984126984126984,0.496031746031746,0.496031746031746,0.248015873015873,2.232142857142857,1.488095238095238,1.2400793650793651,2.976190476190476,0.248015873015873,0.0,0.496031746031746,0.248015873015873,0.248015873015873,16.865079365079364,1.736111111111111,0.0,0.248015873015873,1.984126984126984,0.496031746031746,0.0,0.0,22.569444444444443,0.248015873015873,3.224206349206349,2.4801587301587302,0.496031746031746,0.248015873015873,M1,Pseudomonas_E,True
437.2907545712078,0.0,0.0,0.25753283543651817,0.0,0.7725985063095545,0.0,0.0,0.7725985063095545,0.25753283543651817,0.5150656708730363,0.5150656708730363,0.25753283543651817,0.0,0.5150656708730363,0.7725985063095545,1.0301313417460727,1.287664177182591,4.120525366984291,0.25753283543651817,0.0,0.0,0.0,0.5150656708730363,10.043780582024208,1.0301313417460727,0.0,0.0,4.378058202420809,0.0,0.0,0.0,14.679371619881534,0.0,1.0301313417460727,2.0602626834921454,1.0301313417460727,0.0,M10,Alcaligenes,False
133.33333333333334,0.3673094582185491,0.0,0.0,0.5509641873278236,0.5509641873278236,0.0,0.0,1.285583103764922,1.4692378328741964,0.7346189164370982,1.1019283746556472,0.3673094582185491,0.3673094582185491,0.5509641873278236,1.4692378328741964,1.1019283746556472,1.4692378328741964,4.040404040404041,0.7346189164370982,0.0,0.18365472910927455,0.0,0.5509641873278236,14.325068870523415,1.8365472910927456,0.0,0.5509641873278236,3.6730945821854912,0.0,0.0,0.18365472910927455,25.160697887970617,0.0,3.1221303948576677,0.9182736455463728,0.5509641873278236,0.5509641873278236,M11,Comamonas,False
159.98617829993088,0.0,0.0,1.0366275051831375,0.3455425017277125,0.3455425017277125,0.0,0.0,6.2197650310988255,1.38217000691085,0.0,2.073255010366275,0.3455425017277125,0.0,0.0,0.0,0.3455425017277125,0.3455425017277125,4.492052522460263,1.0366275051831375,0.691085003455425,0.0,0.0,0.3455425017277125,18.31375259156876,2.4187975120939877,0.0,4.14651002073255,5.183137525915687,0.3455425017277125,0.0,0.0,22.805805114029024,0.0,5.183137525915687,1.7277125086385627,0.3455425017277125,0.0,M12,Stenotrophomonas,False
116.54676258992806,0.0,0.0,0.28776978417266186,0.28776978417266186,0.0,0.0,0.0,3.165467625899281,1.1510791366906474,0.0,2.014388489208633,0.8633093525179857,0.8633093525179857,0.28776978417266186,0.28776978417266186,2.302158273381295,1.1510791366906474,4.316546762589928,0.0,0.0,0.0,0.0,0.5755395683453237,18.41726618705036,2.014388489208633,0.0,0.0,4.028776978417266,0.0,0.28776978417266186,0.0,18.70503597122302,0.0,4.028776978417266,3.165467625899281,1.4388489208633093,0.28776978417266186,M13,Acinetobacter,False
126.29619781972879,0.0,0.0,0.26588673225206066,0.26588673225206066,0.0,0.0,0.0,0.0,1.329433661260303,0.0,1.5953203935123637,0.5317734645041213,0.26588673225206066,0.5317734645041213,1.0635469290082427,0.7976601967561818,1.329433661260303,5.583621377293273,0.26588673225206066,1.329433661260303,0.5317734645041213,0.0,0.7976601967561818,15.953203935123637,1.5953203935123637,0.26588673225206066,0.26588673225206066,5.051847912789151,0.0,0.0,0.0,21.802712044668972,0.0,2.658867322520606,1.329433661260303,1.0635469290082427,0.0,M14,Alcaligenes,False
184.8623853211009,0.0,0.0,0.0,0.0,0.45871559633027525,0.0,0.0,1.146788990825688,0.6880733944954129,0.6880733944954129,1.3761467889908259,0.45871559633027525,0.45871559633027525,0.45871559633027525,0.6880733944954129,0.45871559633027525,1.834862385321101,1.834862385321101,0.6880733944954129,0.22935779816513763,0.45871559633027525,0.0,0.6880733944954129,12.155963302752294,1.6055045871559634,0.0,0.22935779816513763,5.275229357798166,0.0,0.22935779816513763,0.0,21.55963302752294,0.0,2.293577981651376,1.3761467889908259,0.22935779816513763,0.22935779816513763,M15,Comamonas,False
580.6230742896269,0.0,0.0,0.0,0.34234851078397804,0.0,0.0,0.17117425539198902,2.3964395754878467,1.0270455323519343,0.0,0.17117425539198902,0.0,0.17117425539198902,0.17117425539198902,0.17117425539198902,10.612803834303321,7.874015748031496,12.153372132831223,0.6846970215679561,1.8829168093118795,0.0,0.0,0.0,5.819924683327628,0.5135227661759671,0.0,0.5135227661759671,2.7387880862718244,0.0,0.0,0.0,11.982197877439232,0.0,1.0270455323519343,0.6846970215679561,0.17117425539198902,0.17117425539198902,M2,Pseudomonas_E,False
178.89447236180905,0.0,0.0,0.0,1.256281407035176,0.2512562814070352,0.0,0.0,3.7688442211055273,1.256281407035176,0.0,1.256281407035176,0.2512562814070352,0.2512562814070352,0.5025125628140704,1.256281407035176,2.0100502512562817,2.0100502512562817,5.276381909547738,0.5025125628140704,1.507537688442211,0.0,0.0,0.2512562814070352,16.331658291457288,2.0100502512562817,0.0,3.015075376884422,5.025125628140704,0.5025125628140704,0.0,0.2512562814070352,22.36180904522613,0.0,2.763819095477387,3.2663316582914574,0.7537688442211055,1.256281407035176,M3,Stenotrophomonas,False
139.58929035612167,0.0,0.0,0.7798284377436964,0.5198856251624642,0.2599428125812321,0.0,0.0,3.63919937613725,1.0397712503249283,0.0,1.819599688068625,0.2599428125812321,0.2599428125812321,0.5198856251624642,0.2599428125812321,2.3394853132310893,1.5596568754873927,1.819599688068625,0.7798284377436964,2.8593709383935533,0.0,0.0,0.2599428125812321,17.15622563036132,2.0795425006498567,0.0,3.63919937613725,4.419027813880946,0.2599428125812321,0.0,0.2599428125812321,23.13491031972966,0.2599428125812321,3.63919937613725,3.63919937613725,0.7798284377436964,0.5198856251624642,M4,Stenotrophomonas,False
108.5972850678733,0.0,0.0,0.0,0.7541478129713424,0.3770739064856712,0.1885369532428356,0.0,1.1312217194570138,1.1312217194570138,1.3197586726998491,1.3197586726998491,0.3770739064856712,0.1885369532428356,0.3770739064856712,2.0739064856711917,0.942684766214178,1.1312217194570138,4.71342383107089,0.5656108597285069,0.1885369532428356,0.5656108597285069,0.0,0.942684766214178,13.574660633484163,1.885369532428356,0.1885369532428356,0.3770739064856712,6.5987933634992455,0.1885369532428356,0.0,0.1885369532428356,19.984917043740573,0.0,1.6968325791855203,1.6968325791855203,0.7541478129713424,0.3770739064856712,M5,Achromobacter,False
291.59445407279026,0.0,0.0,1.2998266897746968,0.0,0.4332755632582322,0.0,0.0,1.2998266897746968,0.8665511265164644,0.0,1.2998266897746968,0.0,0.0,0.0,1.2998266897746968,0.8665511265164644,0.4332755632582322,1.2998266897746968,0.4332755632582322,0.0,0.0,0.0,0.4332755632582322,8.232235701906413,0.0,0.0,1.7331022530329288,2.166377816291161,0.0,0.0,0.0,19.93067590987868,0.0,1.2998266897746968,2.5996533795493937,0.0,1.2998266897746968,M6,Stenotrophomonas,False
440.50827878321144,0.0,0.0,0.0,0.3850596842510589,1.5402387370042356,0.0,0.0,1.9252984212552946,1.5402387370042356,0.0,0.3850596842510589,0.3850596842510589,0.3850596842510589,0.0,0.0,1.9252984212552946,2.3103581055063533,5.005775895263765,0.0,1.5402387370042356,0.0,0.0,0.0,8.086253369272237,0.7701193685021178,0.0,0.3850596842510589,5.005775895263765,0.0,0.0,0.3850596842510589,20.02310358105506,0.0,1.9252984212552946,0.7701193685021178,0.0,0.0,M7,Pseudomonas_E,False
111.42374788970174,0.0,0.0,0.28137310073157007,0.28137310073157007,0.0,0.0,0.0,3.0951041080472708,0.8441193021947102,0.5627462014631401,1.6882386043894204,0.8441193021947102,0.5627462014631401,0.28137310073157007,0.28137310073157007,0.28137310073157007,1.1254924029262803,3.9392234102419805,0.0,0.28137310073157007,0.28137310073157007,0.0,0.5627462014631401,15.756893640967922,2.2509848058525606,0.0,0.5627462014631401,4.501969611705121,0.0,0.28137310073157007,0.0,19.13337084974676,0.0,4.220596510973551,2.2509848058525606,1.6882386043894204,0.28137310073157007,M8,Acinetobacter,False
105.8408467267738,0.0,0.0,0.3920031360250882,3.3320266562132494,0.0,0.0,0.1960015680125441,1.3720109760878088,1.7640141121128967,1.5680125441003527,1.9600156801254411,0.3920031360250882,0.9800078400627206,0.1960015680125441,1.1760094080752646,1.9600156801254411,1.1760094080752646,2.7440219521756175,0.5880047040376323,0.0,0.5880047040376323,0.1960015680125441,0.1960015680125441,17.24813798510388,1.5680125441003527,0.0,0.3920031360250882,2.156017248137985,0.3920031360250882,0.0,0.0,23.520188161505292,0.1960015680125441,2.548020384163073,2.156017248137985,0.5880047040376323,0.1960015680125441,M9,Pseudomonas_E,False
168.00920598388953,0.3835826620636747,0.0,0.19179133103183735,0.3835826620636747,0.0,0.19179133103183735,0.0,0.5753739930955121,1.726121979286536,0.7671653241273494,0.9589566551591868,0.19179133103183735,0.19179133103183735,0.5753739930955121,2.3014959723820483,2.8768699654775607,0.9589566551591868,2.3014959723820483,0.3835826620636747,0.5753739930955121,0.0,0.0,0.19179133103183735,16.494054468738014,2.109704641350211,0.19179133103183735,1.1507479861910241,7.479861910241657,0.19179133103183735,0.3835826620636747,0.0,21.09704641350211,0.0,2.493287303413886,1.726121979286536,0.3835826620636747,0.0,S1,Paraburkholderia,False
110.87792934592515,0.0,0.5246589716684156,0.0,1.7488632388947185,0.17488632388947184,0.0,0.3497726477789437,0.8744316194473593,2.273522210563134,0.5246589716684156,1.7488632388947185,0.3497726477789437,0.17488632388947184,0.17488632388947184,1.9237495627841903,1.3990905911157747,0.6995452955578874,8.744316194473592,0.17488632388947184,0.0,0.3497726477789437,0.0,0.5246589716684156,14.690451206715634,0.8744316194473593,0.17488632388947184,0.6995452955578874,5.946135012242042,0.17488632388947184,0.0,0.0,21.86079048618398,0.0,2.448408534452606,1.224204267226303,1.0493179433368311,0.6995452955578874,S10,Pseudomonas_E,False
320.51282051282055,0.0,0.0,0.0,0.0,0.2913752913752914,0.0,0.0,1.1655011655011656,0.2913752913752914,0.2913752913752914,1.7482517482517483,0.0,0.2913752913752914,0.2913752913752914,0.2913752913752914,0.5827505827505828,0.2913752913752914,1.456876456876457,0.8741258741258742,0.0,0.8741258741258742,0.0,0.2913752913752914,15.442890442890443,0.5827505827505828,0.0,0.0,4.370629370629371,0.0,0.2913752913752914,0.0,18.356643356643357,0.0,1.7482517482517483,0.2913752913752914,0.8741258741258742,0.0,S11,Variovorax,False
210.43324491600353,0.0,0.0,0.0,1.4736221632773356,0.0,0.0,0.0,2.357795461243737,0.8841732979664013,0.0,1.1788977306218684,0.0,0.2947244326554671,0.5894488653109342,0.0,0.5894488653109342,1.1788977306218684,2.06307102858827,0.5894488653109342,2.357795461243737,0.0,0.0,0.2947244326554671,13.852048334806955,1.1788977306218684,0.0,2.9472443265546713,6.4839375184202765,0.2947244326554671,0.0,0.2947244326554671,18.862363689949895,0.0,4.715590922487474,2.06307102858827,0.8841732979664013,0.8841732979664013,S12,Stenotrophomonas,False
270.6809229037704,0.0,0.0,0.28137310073157007,0.28137310073157007,0.0,0.0,0.0,1.9696117051209903,3.376477208778841,0.28137310073157007,0.28137310073157007,0.28137310073157007,0.28137310073157007,0.0,0.0,1.6882386043894204,0.5627462014631401,0.8441193021947102,0.5627462014631401,0.0,1.1254924029262803,0.28137310073157007,0.5627462014631401,25.60495216657288,0.8441193021947102,0.5627462014631401,7.597073719752392,4.220596510973551,1.1254924029262803,0.28137310073157007,3.376477208778841,24.760832864378166,0.0,4.78334271243669,2.5323579065841306,0.0,4.220596510973551,S13,Sphingobacterium,True
175.33343323842348,0.2997152704930316,0.0,0.4495729057395474,0.1498576352465158,0.1498576352465158,0.0,0.0,0.5994305409860632,2.5475797991907685,1.0490034467256106,0.749288176232579,0.4495729057395474,0.1498576352465158,0.2997152704930316,1.9481492582047055,1.9481492582047055,0.8991458114790948,2.5475797991907685,0.5994305409860632,0.0,0.1498576352465158,0.0,0.2997152704930316,14.985763524651581,1.0490034467256106,0.1498576352465158,0.8991458114790948,3.896298516409411,0.1498576352465158,0.0,0.1498576352465158,23.377791098456466,0.0,2.997152704930316,2.247864528697737,0.4495729057395474,0.4495729057395474,S14,Cupriavidus,False
196.56308851224105,0.0,0.0,0.0,0.0,0.23540489642184556,0.0,0.0,0.4708097928436911,1.8832391713747645,0.7062146892655368,1.4124293785310735,0.4708097928436911,0.23540489642184556,0.4708097928436911,0.9416195856873822,0.4708097928436911,1.6478342749529191,1.6478342749529191,0.7062146892655368,0.0,0.23540489642184556,0.0,0.7062146892655368,13.888888888888888,1.1770244821092277,0.0,0.0,5.178907721280603,0.0,0.23540489642184556,0.23540489642184556,21.1864406779661,0.0,2.3540489642184554,1.1770244821092277,0.23540489642184556,0.23540489642184556,S15,Comamonas,False
210.5042896003348,0.0,0.0,0.2092487968194183,0.2092487968194183,0.0,0.0,0.0,2.092487968194183,3.3479807491106928,0.2092487968194183,0.6277463904582549,0.4184975936388366,0.2092487968194183,0.0,0.0,2.092487968194183,0.4184975936388366,0.4184975936388366,0.6277463904582549,0.2092487968194183,1.0462439840970914,0.2092487968194183,0.4184975936388366,29.922577945176815,1.8832391713747645,0.2092487968194183,11.299435028248588,6.06821510776313,0.4184975936388366,0.2092487968194183,2.720234358652438,26.99309478970496,0.0,3.557229545930111,2.092487968194183,0.0,3.138731952291274,S16,Sphingobacterium,True
263.17356356058355,0.0,0.5954153021732659,0.0,1.1908306043465318,0.29770765108663294,0.0,0.0,2.6793688597796965,1.7862459065197975,0.0,1.4885382554331645,0.29770765108663294,0.29770765108663294,0.5954153021732659,1.1908306043465318,0.8931229532598988,2.977076510866329,2.977076510866329,0.29770765108663294,2.0839535576064305,0.0,0.0,0.29770765108663294,15.778505507591543,0.29770765108663294,0.0,2.6793688597796965,5.954153021732658,0.5954153021732659,0.0,0.0,18.16016671628461,0.29770765108663294,5.358737719559393,1.1908306043465318,0.29770765108663294,0.8931229532598988,S17,Stenotrophomonas,False
114.06312425089891,0.0,0.0,0.0,2.796644027167399,0.5992808629644426,0.0,0.1997602876548142,1.1985617259288852,1.3983220135836996,0.1997602876548142,2.5968837395125846,0.1997602876548142,0.3995205753096284,0.1997602876548142,0.5992808629644426,1.997602876548142,1.3983220135836996,4.994007191370355,0.1997602876548142,0.5992808629644426,0.3995205753096284,0.0,0.5992808629644426,18.577706751897725,0.7990411506192568,0.0,0.5992808629644426,3.995205753096284,0.1997602876548142,0.0,0.0,25.56931681981622,0.0,2.1973631642029563,1.797842588893328,0.7990411506192568,0.7990411506192568,S18,Pseudomonas_E,False
100.72867552507502,0.0,0.0,0.0,4.500642948992714,0.6429489927132448,0.0,0.4286326618088298,5.3579082726103735,2.1431633090441493,0.6429489927132448,2.571795970852979,0.4286326618088298,0.2143163309044149,0.2143163309044149,2.357479639948564,0.6429489927132448,1.2858979854264896,3.6433776253750536,0.2143163309044149,0.0,0.4286326618088298,0.0,0.6429489927132448,16.71667381054436,1.7145306472353192,0.0,0.8572653236176596,3.4290612944706385,0.8572653236176596,0.0,0.0,25.075010715816546,0.0,3.0004286326618086,2.1431633090441493,0.6429489927132448,0.4286326618088298,S19,Pseudomonas_E,False
122.83123028391167,0.0,0.0,0.0,0.7886435331230284,0.1971608832807571,0.1971608832807571,0.0,2.365930599369085,1.5772870662460567,0.7886435331230284,1.3801261829652998,0.3943217665615142,0.1971608832807571,0.3943217665615142,1.3801261829652998,0.3943217665615142,1.3801261829652998,6.900630914826498,0.3943217665615142,0.3943217665615142,0.3943217665615142,0.0,0.7886435331230284,14.392744479495269,2.365930599369085,0.1971608832807571,0.3943217665615142,5.914826498422713,0.1971608832807571,0.0,0.0,21.687697160883282,0.0,2.365930599369085,2.7602523659305995,0.3943217665615142,0.5914826498422713,S2,Achromobacter,False
108.62103775489602,0.0,0.0,0.0,4.037956793862305,0.6056935190793459,0.0,0.20189783969311528,2.6246719160104988,1.413284877851807,0.8075913587724611,2.4227740763173835,0.20189783969311528,0.20189783969311528,0.20189783969311528,1.413284877851807,0.8075913587724611,1.0094891984655763,5.855037351100343,0.20189783969311528,0.6056935190793459,0.40379567938623057,0.0,0.6056935190793459,14.132848778518069,1.6151827175449223,0.0,1.0094891984655763,5.047445992327883,0.40379567938623057,0.0,0.0,24.227740763173834,0.0,2.220876236624268,1.8170805572380375,0.40379567938623057,0.20189783969311528,S20,Pseudomonas_E,False
142.8106701366298,0.0,0.0,0.0,0.16265452179570594,0.16265452179570594,0.16265452179570594,0.0,0.8132726089785296,1.3012361743656475,0.8132726089785296,1.1385816525699415,0.3253090435914119,0.16265452179570594,0.3253090435914119,1.4638906961613531,0.6506180871828238,1.789199739752765,11.711125569290825,0.8132726089785296,0.6506180871828238,0.48796356538711777,0.0,0.6506180871828238,14.150943396226415,1.3012361743656475,0.16265452179570594,0.16265452179570594,5.042290175666883,0.0,0.0,0.0,18.37996096291477,0.0,2.114508783344177,1.951854261548471,0.48796356538711777,0.3253090435914119,S21,Achromobacter,False
132.5511732401398,0.0,0.0,0.0,0.24962556165751376,0.998502246630055,0.0,0.0,1.747378931602596,1.4977533699450822,0.24962556165751376,0.24962556165751376,0.0,0.24962556165751376,0.0,0.0,2.4962556165751373,1.2481278082875686,1.99700449326011,0.4992511233150275,0.24962556165751376,0.24962556165751376,0.0,0.24962556165751376,30.454318522216674,1.2481278082875686,0.0,3.744383424862706,9.98502246630055,0.24962556165751376,0.0,1.2481278082875686,19.720419370943585,0.0,7.239141288067898,2.9955067398901645,0.7488766849725411,0.7488766849725411,S22,Chryseobacterium,False
205.1282051282051,0.0,0.0,0.217296827466319,0.434593654932638,0.0,0.0,0.217296827466319,1.955671447196871,3.476749239461104,0.217296827466319,0.651890482398957,0.217296827466319,0.217296827466319,0.0,0.217296827466319,1.738374619730552,1.0864841373315948,1.303780964797914,0.217296827466319,0.0,0.651890482398957,0.0,0.434593654932638,31.942633637548894,1.738374619730552,0.217296827466319,13.906996957844417,6.736201651455889,0.434593654932638,0.0,1.955671447196871,28.03129074315515,0.0,3.476749239461104,2.3902651021295087,0.0,2.607561929595828,S23,Sphingobacterium,True
191.97459584295612,0.0,0.0,0.0,0.0,0.28868360277136257,0.0,0.0,4.907621247113164,0.5773672055427251,0.5773672055427251,1.1547344110854503,0.5773672055427251,0.8660508083140878,0.28868360277136257,0.28868360277136257,0.8660508083140878,1.1547344110854503,0.8660508083140878,0.28868360277136257,0.0,0.28868360277136257,0.0,0.28868360277136257,12.413394919168592,1.7321016166281755,0.0,0.0,2.886836027713626,0.0,0.0,0.0,16.45496535796767,0.0,3.175519630484988,0.8660508083140878,1.7321016166281755,0.5773672055427251,S24,Acinetobacter,False
147.75530340404538,0.0,0.0,0.0,0.49333991119881604,0.49333991119881604,0.0,0.0,2.9600394671928956,1.4800197335964478,0.0,1.4800197335964478,0.24666995559940802,0.24666995559940802,0.49333991119881604,0.7400098667982239,2.220029600394672,1.4800197335964478,4.440059200789344,0.7400098667982239,1.9733596447952642,0.0,0.0,0.24666995559940802,16.526887025160335,1.9733596447952642,0.0,3.453379378391712,5.920078934385791,0.24666995559940802,0.0,0.24666995559940802,21.213616181549085,0.0,3.206709422792304,4.193389245189936,0.7400098667982239,0.9866798223976321,S25,Stenotrophomonas,False
127.0718232044199,0.0,0.0,0.8499787505312367,1.0624734381640457,0.0,0.0,0.21249468763280918,2.9749256268593287,1.2749681257968553,0.8499787505312367,1.9124521886952826,0.42498937526561836,0.42498937526561836,0.21249468763280918,0.21249468763280918,1.2749681257968553,1.0624734381640457,5.949851253718657,0.42498937526561836,0.21249468763280918,0.21249468763280918,0.0,0.6374840628984276,15.937101572460689,1.4874628134296644,0.21249468763280918,0.8499787505312367,2.5499362515937105,0.0,0.0,0.0,22.099447513812155,0.0,2.337441563960901,1.6999575010624735,0.6374840628984276,0.21249468763280918,S26,Pseudomonas_E,True
118.64406779661017,0.0,0.0,0.0,2.748511223087494,0.6871278057718735,0.0,0.22904260192395787,1.374255611543747,1.1452130096197892,1.374255611543747,2.5194686211635364,0.22904260192395787,0.22904260192395787,0.22904260192395787,0.6871278057718735,0.9161704076958315,0.9161704076958315,2.977553825011452,0.22904260192395787,0.6871278057718735,0.22904260192395787,0.0,0.6871278057718735,15.345854328905176,0.9161704076958315,0.0,1.1452130096197892,5.038937242327073,0.45808520384791573,0.0,0.0,25.65277141548328,0.0,2.748511223087494,1.832340815391663,0.6871278057718735,0.9161704076958315,S27,Pseudomonas_E,False
157.75577557755776,0.0,0.0,0.0,0.0,0.0,0.0,0.0,0.6600660066006601,1.3201320132013201,0.6600660066006601,1.3201320132013201,0.44004400440044006,0.44004400440044006,0.6600660066006601,1.5401540154015403,2.6402640264026402,1.3201320132013201,2.4202420242024205,0.6600660066006601,0.44004400440044006,0.44004400440044006,0.0,0.6600660066006601,17.6017601760176,1.3201320132013201,0.0,0.22002200220022003,2.86028602860286,0.0,0.0,0.22002200220022003,21.122112211221122,0.0,3.5203520352035205,1.3201320132013201,0.44004400440044006,0.44004400440044006,S28,Comamonas,False
217.13870733478578,0.0,0.0,0.0,0.0,0.0,0.0,0.0,0.7262164124909223,0.7262164124909223,0.0,2.1786492374727673,0.36310820624546114,1.0893246187363836,0.36310820624546114,0.36310820624546114,2.904865649963689,0.36310820624546114,1.4524328249818446,0.36310820624546114,0.36310820624546114,0.0,0.0,0.36310820624546114,14.161220043572984,2.1786492374727673,0.0,0.0,2.541757443718228,0.0,0.0,0.0,15.97676107480029,0.0,2.541757443718228,0.7262164124909223,1.0893246187363836,0.36310820624546114,S29,Acinetobacter,False
162.78306531014113,0.0,0.0,0.0,0.0,0.0,0.0,0.0,0.6563833278634722,0.0,0.9845749917952085,2.297341647522153,0.3281916639317361,0.9845749917952085,0.3281916639317361,0.3281916639317361,0.9845749917952085,1.969149983590417,8.532983262225141,0.0,0.3281916639317361,0.3281916639317361,0.0,0.3281916639317361,15.425008204791599,2.625533311453889,0.0,0.3281916639317361,3.6101083032490977,0.0,0.0,0.0,20.34788316376764,0.0,3.2819166393173616,0.9845749917952085,0.9845749917952085,0.3281916639317361,S3,Acinetobacter,False
238.67595818815332,0.0,0.0,0.0,0.0,0.0,0.0,0.0,1.1614401858304297,0.5807200929152149,0.5807200929152149,1.1614401858304297,0.0,0.5807200929152149,0.5807200929152149,0.0,1.1614401858304297,0.5807200929152149,1.1614401858304297,0.0,0.0,0.0,0.0,0.5807200929152149,12.195121951219512,2.9036004645760745,0.0,0.0,3.484320557491289,0.0,0.0,0.0,17.421602787456447,0.0,3.484320557491289,0.0,0.5807200929152149,0.5807200929152149,S30,Acinetobacter,False
103.7661828167909,0.0,0.0,0.3923107100823852,2.942330325617889,0.5884660651235779,0.0,0.1961553550411926,2.550019615535504,1.5692428403295409,0.7846214201647704,2.550019615535504,0.3923107100823852,0.1961553550411926,0.1961553550411926,0.5884660651235779,1.5692428403295409,1.5692428403295409,5.688505296194586,0.3923107100823852,2.1577089054531187,0.3923107100823852,0.0,0.5884660651235779,17.457826598666145,1.5692428403295409,0.0,0.9807767752059631,4.707728520988623,0.3923107100823852,0.0,0.1961553550411926,26.28481757551981,0.0,2.550019615535504,1.7653981953707336,0.7846214201647704,0.7846214201647704,S31,Pseudomonas_E,False
130.10446343779677,0.0,0.0,0.31655587211142766,0.0,0.31655587211142766,0.0,0.0,0.6331117442228553,0.31655587211142766,0.6331117442228553,1.8993352326685662,0.6331117442228553,1.2662234884457106,0.31655587211142766,0.6331117442228553,2.849002849002849,1.8993352326685662,5.38144982589427,0.0,0.6331117442228553,0.31655587211142766,0.0,0.6331117442228553,14.245014245014245,2.5324469768914213,0.0,0.0,3.1655587211142766,0.31655587211142766,0.0,0.0,21.84235517568851,0.0,3.4821145932257043,0.6331117442228553,1.2662234884457106,0.31655587211142766,S32,Acinetobacter,False
127.23845428840715,0.0,0.0,0.0,4.476908576814326,0.235626767200754,0.0,0.235626767200754,2.3562676720075397,0.942507068803016,0.942507068803016,2.120640904806786,0.0,0.235626767200754,0.235626767200754,0.706880301602262,1.1781338360037699,1.413760603204524,5.655042412818096,0.471253534401508,0.235626767200754,0.235626767200754,0.0,0.706880301602262,14.844486333647502,1.649387370405278,0.0,1.1781338360037699,4.005655042412818,0.706880301602262,0.0,0.0,24.740810556079172,0.235626767200754,2.3562676720075397,1.413760603204524,0.471253534401508,0.706880301602262,S4,Pseudomonas_E,False
136.49477100613055,0.0,0.0,0.0,0.18031013342949875,0.18031013342949875,0.18031013342949875,0.0,2.163721601153985,0.9015506671474937,0.9015506671474937,1.0818608005769925,0.3606202668589975,0.18031013342949875,0.3606202668589975,1.0818608005769925,0.5409304002884963,1.8031013342949873,14.064190407500902,0.5409304002884963,0.0,0.721240533717995,0.0,0.721240533717995,14.785430941218896,1.0818608005769925,0.18031013342949875,0.3606202668589975,5.048683736025965,0.18031013342949875,0.0,0.0,20.735665344392356,0.0,1.9834114677244858,1.8031013342949873,0.3606202668589975,0.3606202668589975,S5,Achromobacter,False
262.65590608950845,0.0,0.7336757153338225,0.0,0.0,0.36683785766691124,0.0,0.0,2.5678650036683783,1.834189288334556,0.0,0.7336757153338225,0.36683785766691124,0.36683785766691124,0.7336757153338225,1.1005135730007336,0.0,1.467351430667645,1.1005135730007336,0.0,0.0,0.0,0.0,0.0,15.40719002201027,1.1005135730007336,0.0,2.93470286133529,7.336757153338224,0.36683785766691124,0.0,0.0,20.542920029347027,0.0,5.502567865003669,0.7336757153338225,0.7336757153338225,0.36683785766691124,S6,Stenotrophomonas,False
269.53125,0.0,0.5580357142857143,0.0,0.27901785714285715,0.27901785714285715,0.0,0.0,4.743303571428571,1.3950892857142858,0.0,1.6741071428571428,0.0,0.27901785714285715,0.5580357142857143,1.1160714285714286,1.3950892857142858,2.7901785714285716,1.1160714285714286,0.27901785714285715,0.0,0.0,0.0,0.27901785714285715,14.787946428571429,1.953125,0.0,2.5111607142857144,6.138392857142857,0.0,0.0,0.0,16.183035714285715,0.0,4.464285714285714,1.3950892857142858,0.5580357142857143,0.8370535714285714,S7,Stenotrophomonas,False
255.18883974140866,0.0,0.0,0.0,0.3402517863218782,0.0,0.0,0.3402517863218782,3.402517863218782,1.0207553589656344,0.0,1.3610071452875128,0.3402517863218782,0.0,0.0,0.0,2.041510717931269,2.3817625042531474,2.041510717931269,0.6805035726437564,1.0207553589656344,0.0,0.0,0.0,10.888057162300102,1.3610071452875128,0.0,2.3817625042531474,6.805035726437564,0.3402517863218782,0.0,0.0,19.05410003402518,0.0,1.3610071452875128,2.7220142905750255,0.0,0.6805035726437564,S8,Stenotrophomonas,False
104.74860335195531,0.0,0.0,0.19952114924181966,4.788507581803671,0.0,0.0,0.3990422984836393,0.3990422984836393,0.19952114924181966,0.7980845969672786,2.194732641660016,0.3990422984836393,0.19952114924181966,0.19952114924181966,0.3990422984836393,1.3966480446927374,1.7956903431763767,9.976057462090981,0.3990422984836393,0.0,0.19952114924181966,0.0,0.5985634477254589,14.565043894652833,1.7956903431763767,0.0,1.5961691939345573,3.790901835594573,0.3990422984836393,0.0,0.0,25.738228252194734,0.19952114924181966,2.194732641660016,2.194732641660016,0.3990422984836393,0.3990422984836393,S9,Pseudomonas_E,False
139.5640190428464,0.0,0.0,0.7516913054372337,0.7516913054372337,0.2505637684790779,0.0,0.0,2.0045101478326233,1.2528188423953897,0.0,1.5033826108744675,0.2505637684790779,0.2505637684790779,0.5011275369581558,1.2528188423953897,2.0045101478326233,0.7516913054372337,6.514657980456026,0.5011275369581558,2.0045101478326233,0.0,0.0,0.2505637684790779,17.539463793535454,2.0045101478326233,0.0,3.507892758707091,4.76071160110248,1.0022550739163116,0.0,0.2505637684790779,22.300175394637936,0.0,3.7584565271861687,3.507892758707091,0.7516913054372337,1.0022550739163116,V1,Stenotrophomonas,False
117.03532518983164,0.0,0.0,0.0,0.1650709805216243,0.3301419610432486,0.1650709805216243,0.0,0.8253549026081215,1.3205678441729944,0.6602839220864972,1.15549686365137,0.3301419610432486,0.1650709805216243,0.3301419610432486,1.8157807857378672,1.3205678441729944,1.15549686365137,8.41862000660284,0.6602839220864972,0.0,0.3301419610432486,0.0,0.6602839220864972,17.002310993727303,1.4856388246946186,0.1650709805216243,0.3301419610432486,4.291845493562231,0.0,0.0,0.1650709805216243,21.12908550676791,0.0,2.476064707824364,1.4856388246946186,0.3301419610432486,0.3301419610432486,V10,Achromobacter,False
135.54502369668248,0.0,0.0,0.3791469194312796,3.4123222748815167,0.5687203791469194,0.0,0.3791469194312796,0.7582938388625592,1.7061611374407584,0.7582938388625592,2.2748815165876777,0.3791469194312796,0.5687203791469194,0.1895734597156398,0.7582938388625592,0.9478672985781991,1.5165876777251184,7.203791469194313,0.9478672985781991,0.0,0.5687203791469194,0.0,0.3791469194312796,13.649289099526067,0.9478672985781991,0.0,0.9478672985781991,4.170616113744076,0.1895734597156398,0.0,0.0,26.729857819905213,0.1895734597156398,2.2748815165876777,1.7061611374407584,0.5687203791469194,0.3791469194312796,V11,Pseudomonas_E,False
155.65264882577824,0.0,0.0,0.0,0.0,0.0,0.0,0.0,1.0922992900054613,1.638448935008192,0.0,1.638448935008192,0.27307482250136533,0.27307482250136533,0.27307482250136533,0.819224467504096,0.27307482250136533,1.9115237575095578,7.0999453850355,1.0922992900054613,3.54997269251775,0.5461496450027307,0.0,0.819224467504096,14.472965592572365,1.3653741125068268,0.27307482250136533,0.0,4.642271982523211,0.0,0.0,0.0,21.84598580010923,0.0,2.457673402512288,1.638448935008192,1.0922992900054613,0.27307482250136533,V12,Alcaligenes,False
231.17196939186468,0.0,0.0,0.0,1.2082158679017316,0.4027386226339106,0.0,0.0,2.4164317358034633,1.6109544905356423,0.0,2.0136931131695532,0.4027386226339106,0.8054772452678212,0.4027386226339106,2.0136931131695532,0.8054772452678212,0.8054772452678212,0.8054772452678212,0.4027386226339106,1.6109544905356423,0.0,0.0,0.4027386226339106,16.512283527990334,0.8054772452678212,0.0,3.624647603705195,6.041079339508658,0.0,0.0,0.4027386226339106,16.915022150624242,0.4027386226339106,5.235602094240838,0.0,0.8054772452678212,1.2082158679017316,V13,Stenotrophomonas,False
192.35074626865674,0.0,0.0,0.0,0.746268656716418,0.1865671641791045,0.1865671641791045,0.0,1.6791044776119404,1.119402985074627,0.5597014925373135,1.3059701492537314,0.373134328358209,0.1865671641791045,0.1865671641791045,1.492537313432836,0.9328358208955224,0.746268656716418,4.850746268656716,0.5597014925373135,0.9328358208955224,0.1865671641791045,0.0,0.5597014925373135,13.432835820895523,2.0522388059701493,0.1865671641791045,0.373134328358209,4.664179104477611,0.1865671641791045,0.0,0.0,19.029850746268654,0.0,1.3059701492537314,1.6791044776119404,0.373134328358209,0.373134328358209,V14,Achromobacter,False
132.14054753179562,0.0,0.0,0.0,0.2155636990730761,0.8622547962923044,0.0,0.0,1.2933821944384565,1.0778184953653807,0.2155636990730761,0.2155636990730761,0.2155636990730761,0.2155636990730761,0.0,0.2155636990730761,3.017891787023065,0.6466910972192282,4.311273981461523,1.0778184953653807,0.2155636990730761,0.2155636990730761,0.0,0.2155636990730761,30.82560896744988,1.2933821944384565,0.0,5.604656175899978,10.56262125458073,0.6466910972192282,0.0,1.0778184953653807,22.634188402672986,0.0,6.251347273119207,3.017891787023065,0.6466910972192282,0.6466910972192282,V15,Chryseobacterium,False
182.7206868795278,0.0,0.0,0.0,0.26831231553528306,1.0732492621411323,0.0,0.0,2.4148108398175476,2.1464985242822645,0.26831231553528306,0.26831231553528306,0.0,0.26831231553528306,0.0,0.0,3.48806010195868,0.8049369466058491,2.951435470888114,1.0732492621411323,0.8049369466058491,0.26831231553528306,0.0,0.0,28.97773007781057,0.26831231553528306,0.0,3.48806010195868,9.927555674805474,1.0732492621411323,0.0,0.8049369466058491,22.269922189428495,0.0,6.707807888382077,1.8781862087469816,0.8049369466058491,1.0732492621411323,V16,Chryseobacterium,False
201.05676737569436,0.0,0.0,0.6774149844194554,0.9483809781872374,0.5419319875355644,0.0,0.0,1.761278959490584,2.303210947026148,0.4064489906516732,0.8128979813033465,0.2709659937677822,0.1354829968838911,0.2709659937677822,0.4064489906516732,3.251591925213386,2.1677279501422575,8.264462809917356,0.2709659937677822,0.6774149844194554,0.1354829968838911,0.0,0.4064489906516732,15.038612654111908,1.625795962606693,0.2709659937677822,1.3548299688389107,5.825768866007317,0.6774149844194554,0.1354829968838911,0.0,17.748272591789732,0.0,2.303210947026148,2.4386939439100392,0.5419319875355644,0.6774149844194554,V17,Burkholderia,False
159.95115995115995,0.0,0.0,0.0,0.6977149834292691,0.17442874585731727,0.0,0.0,0.8721437292865865,1.221001221001221,0.5232862375719519,1.221001221001221,0.34885749171463454,0.17442874585731727,0.34885749171463454,1.9187162044304902,0.5232862375719519,1.0465724751439038,4.186289900575615,0.34885749171463454,0.0,0.17442874585731727,0.0,0.6977149834292691,13.954299668585383,1.3954299668585382,0.17442874585731727,0.17442874585731727,4.535147392290249,0.17442874585731727,0.0,0.0,20.408163265306122,0.0,1.5698587127158556,1.9187162044304902,0.5232862375719519,0.34885749171463454,V18,Achromobacter,False
287.16830243547804,0.0,0.0,0.0,2.9080334423845873,0.0,0.0,0.3635041802980734,0.7270083605961468,1.0905125408942202,0.0,1.4540167211922936,0.3635041802980734,0.3635041802980734,0.0,1.817520901490367,1.4540167211922936,0.3635041802980734,4.725554343874954,0.3635041802980734,0.0,0.7270083605961468,0.0,0.3635041802980734,7.633587786259541,0.3635041802980734,0.0,1.0905125408942202,3.271537622682661,0.3635041802980734,0.0,0.0,19.265721555797892,0.3635041802980734,1.817520901490367,0.7270083605961468,0.3635041802980734,0.0,V19,Pseudomonas_E,False
180.4754211862451,0.0,0.0,0.0,0.0,0.46157396722824834,0.0,0.0,0.9231479344564967,0.23078698361412417,0.6923609508423725,1.384721901684745,0.46157396722824834,0.46157396722824834,0.46157396722824834,2.3078698361412413,0.6923609508423725,1.6155088852988693,4.846526655896607,0.46157396722824834,0.23078698361412417,0.46157396722824834,0.0,0.6923609508423725,12.000923147934456,1.8462958689129934,0.0,0.23078698361412417,5.077313639510732,0.0,0.23078698361412417,0.0,20.770828525271174,0.0,2.0770828525271177,2.0770828525271177,0.46157396722824834,0.23078698361412417,V2,Comamonas,False
144.18604651162792,0.0,0.0,0.0,0.7441860465116279,0.0,0.18604651162790697,0.0,1.4883720930232558,1.4883720930232558,0.7441860465116279,1.3023255813953487,0.37209302325581395,0.18604651162790697,0.37209302325581395,2.046511627906977,0.7441860465116279,1.3023255813953487,5.023255813953488,0.37209302325581395,0.0,0.7441860465116279,0.0,0.930232558139535,12.837209302325581,1.3023255813953487,0.18604651162790697,0.37209302325581395,5.953488372093023,0.18604651162790697,0.0,0.18604651162790697,22.325581395348838,0.0,0.930232558139535,1.6744186046511627,0.37209302325581395,0.18604651162790697,V20,Achromobacter,False
169.43629846855654,0.0,0.0,0.0,0.0,0.0,0.0,0.0,0.9775171065493646,0.0,0.9775171065493646,1.9550342130987293,0.6516780710329098,0.9775171065493646,0.3258390355164549,0.3258390355164549,4.235907461713913,0.9775171065493646,10.426849136526556,0.0,0.6516780710329098,0.6516780710329098,0.0,0.3258390355164549,14.336917562724015,2.280873248615184,0.0,0.3258390355164549,1.9550342130987293,0.0,0.0,0.0,17.26946888237211,0.0,3.258390355164549,0.6516780710329098,0.9775171065493646,0.3258390355164549,V21,Acinetobacter,False
124.40758293838861,0.0,0.0,0.5924170616113744,3.1595576619273302,0.3949447077409163,0.0,0.19747235387045814,2.567140600315956,1.1848341232227488,0.7898894154818326,2.1721958925750395,0.19747235387045814,0.19747235387045814,0.19747235387045814,0.3949447077409163,1.382306477093207,2.567140600315956,7.306477093206952,0.3949447077409163,0.19747235387045814,0.3949447077409163,0.0,0.5924170616113744,15.600315955766192,1.5797788309636651,0.0,0.7898894154818326,4.936808846761453,0.3949447077409163,0.0,0.0,24.091627172195892,0.0,2.567140600315956,1.5797788309636651,0.9873617693522906,0.5924170616113744,V22,Pseudomonas_E,False
193.06930693069307,0.0,0.0,0.0,0.0,0.7616146230007617,0.0,0.0,2.284843869002285,0.0,1.5232292460015233,1.904036557501904,0.38080731150038083,0.7616146230007617,0.38080731150038083,0.0,1.904036557501904,1.1424219345011426,1.904036557501904,0.0,0.7616146230007617,0.38080731150038083,0.0,0.38080731150038083,15.993907083015994,1.5232292460015233,0.0,0.38080731150038083,3.427265803503427,0.0,0.0,0.0,20.182787509520182,0.0,3.427265803503427,0.7616146230007617,1.1424219345011426,0.38080731150038083,V23,Acinetobacter,False
146.79098005203818,0.0,0.0,0.0,0.21682567215958368,0.8673026886383347,0.0,0.0,1.0841283607979184,2.385082393755421,0.21682567215958368,0.21682567215958368,0.21682567215958368,0.21682567215958368,0.0,0.0,4.770164787510842,0.6504770164787511,2.818733738074588,0.43365134431916735,0.43365134431916735,0.21682567215958368,0.0,0.21682567215958368,29.705117085862966,1.7346053772766694,0.21682567215958368,3.686036426712923,7.805724197745013,0.21682567215958368,0.0,1.0841283607979184,19.297484822202946,0.0,7.58889852558543,2.818733738074588,0.8673026886383347,0.6504770164787511,V24,Chryseobacterium,False
155.59157212317666,0.0,0.0,0.0,1.2965964343598053,1.2965964343598053,0.0,0.0,0.32414910858995133,1.6207455429497568,0.9724473257698542,2.26904376012966,0.0,0.32414910858995133,0.0,0.9724473257698542,1.6207455429497568,0.32414910858995133,2.5931928687196106,0.32414910858995133,0.0,0.9724473257698542,0.0,0.6482982171799027,14.586709886547812,0.0,0.0,1.2965964343598053,3.8897893030794166,0.0,0.0,0.0,24.311183144246353,0.0,1.6207455429497568,0.6482982171799027,0.32414910858995133,0.32414910858995133,V25,Pseudomonas_E,False
150.7084585659081,0.0,0.0,0.0,1.7174753112924002,0.6440532417346501,0.0,0.0,1.07342206955775,1.07342206955775,0.0,1.2881064834693001,0.8587376556462001,0.42936882782310004,0.0,1.2881064834693001,2.5762129669386002,0.8587376556462001,3.0055817947617003,0.8587376556462001,0.42936882782310004,0.21468441391155002,0.0,0.21468441391155002,35.422928295405754,1.5027908973808501,0.42936882782310004,10.51953628166595,8.158007728638902,2.7908973808501503,0.0,2.1468441391155,25.118076427651353,0.0,4.7230571060541005,2.7908973808501503,0.0,1.5027908973808501,V26,Flavobacterium,False
134.30815055510425,0.0,0.0,0.5415651232060655,1.6246953696181965,1.083130246412131,0.0,0.0,1.6246953696181965,1.083130246412131,0.8123476848090982,2.437043054427295,0.5415651232060655,0.27078256160303277,0.27078256160303277,0.8123476848090982,0.8123476848090982,0.8123476848090982,4.061738424045491,0.27078256160303277,0.0,0.27078256160303277,0.0,0.8123476848090982,17.059301380991062,0.5415651232060655,0.0,1.083130246412131,4.603303547251557,0.0,0.0,0.0,27.349038721906307,0.0,3.249390739236393,1.3539128080151637,0.5415651232060655,0.27078256160303277,V27,Pseudomonas_E,False
115.39147494203674,0.0,0.0,0.5350454788657035,2.675227394328518,0.5350454788657035,0.0,0.17834849295523456,2.140181915462814,1.9618334225075797,0.5350454788657035,1.9618334225075797,0.3566969859104691,0.17834849295523456,0.17834849295523456,0.8917424647761727,1.2484394506866416,0.8917424647761727,3.9236668450151595,0.3566969859104691,0.5350454788657035,0.3566969859104691,0.0,0.5350454788657035,15.873015873015872,0.8917424647761727,0.0,0.8917424647761727,6.242197253433208,0.3566969859104691,0.0,0.0,22.293561619404315,0.17834849295523456,2.4968789013732833,1.6051364365971108,0.3566969859104691,0.5350454788657035,V28,Pseudomonas_E,False
99.62147281486578,1.032346868547832,0.0,0.0,2.236751548520303,0.17205781142463866,0.0,0.17205781142463866,2.9249827942188573,2.5808671713695803,0.516173434273916,1.7205781142463867,0.17205781142463866,0.17205781142463866,0.17205781142463866,1.2044046799724708,0.8602890571231934,1.2044046799724708,13.420509291121817,0.3441156228492773,0.17205781142463866,0.3441156228492773,0.0,0.8602890571231934,13.07639366827254,1.032346868547832,0.17205781142463866,1.032346868547832,4.129387474191328,0.3441156228492773,0.0,0.0,22.19545767377839,0.0,2.064693737095664,1.3764624913971093,0.8602890571231934,0.516173434273916,V29,Pseudomonas_E,False
334.6656976744186,0.0,0.0,0.0,0.3633720930232558,0.0,0.0,0.0,1.4534883720930232,1.816860465116279,0.0,0.3633720930232558,0.3633720930232558,0.0,0.0,0.0,0.7267441860465116,1.0901162790697674,1.4534883720930232,0.0,0.0,0.7267441860465116,0.3633720930232558,0.3633720930232558,22.892441860465116,1.0901162790697674,0.3633720930232558,6.540697674418605,4.3604651162790695,0.3633720930232558,0.3633720930232558,2.9069767441860463,26.16279069767442,0.0,3.633720930232558,1.4534883720930232,0.0,1.816860465116279,V3,Sphingobacterium,False
180.202419155764,0.0,0.0,0.0,1.2342631449024932,0.0,0.0,0.0,1.9748210318439892,1.2342631449024932,0.0,1.4811157738829919,0.4937052579609973,0.0,0.24685262898049865,0.0,2.221673660824488,1.7279684028634905,5.9244630955319675,0.4937052579609973,0.9874105159219946,0.0,0.0,0.24685262898049865,17.279684028634904,2.4685262898049865,0.0,3.2090841767464826,4.6901999506294745,0.4937052579609973,0.0,0.24685262898049865,22.21673660824488,0.0,4.443347321648976,2.9622315477659837,0.7405578869414959,0.7405578869414959,V30,Stenotrophomonas,False
136.82358117025956,0.0,0.0,0.0,0.4399472063352398,0.8798944126704796,0.0,0.0,1.3198416190057192,1.0998680158380993,0.2199736031676199,0.6599208095028596,0.2199736031676199,0.2199736031676199,0.0,0.0,1.5398152221733392,0.4399472063352398,1.9797624285085789,0.6599208095028596,0.2199736031676199,0.2199736031676199,0.0,0.2199736031676199,32.55609326880774,1.5398152221733392,0.2199736031676199,4.839419269687638,7.039155301363837,0.6599208095028596,0.2199736031676199,0.8798944126704796,20.89749230092389,0.0,7.9190497140343155,2.8596568411790586,0.6599208095028596,0.6599208095028596,V31,Chryseobacterium,False
181.13690367391703,0.7311277645768598,0.5483458234326448,0.0,2.1933832937305793,0.18278194114421495,0.0,0.3655638822884299,1.6450374702979345,1.4622555291537196,0.5483458234326448,1.6450374702979345,0.3655638822884299,0.18278194114421495,0.18278194114421495,0.3655638822884299,0.7311277645768598,0.9139097057210748,8.956315116066532,0.18278194114421495,0.18278194114421495,0.3655638822884299,0.0,0.7311277645768598,12.611953938950833,0.18278194114421495,0.18278194114421495,0.5483458234326448,4.021202705172729,0.5483458234326448,0.0,0.0,19.374885761286784,0.0,2.0106013525863644,1.4622555291537196,0.3655638822884299,0.5483458234326448,V32,Pseudomonas_E,False
127.65055131467345,1.0602205258693809,0.0,0.0,2.9686174724342664,0.21204410517387617,0.0,0.21204410517387617,1.0602205258693809,2.544529262086514,1.6963528413910094,1.9083969465648853,0.42408821034775235,0.6361323155216285,0.21204410517387617,1.9083969465648853,0.6361323155216285,0.8481764206955047,1.6963528413910094,0.42408821034775235,0.0,0.6361323155216285,0.21204410517387617,0.6361323155216285,14.206955046649703,1.6963528413910094,0.0,0.42408821034775235,2.75657336726039,0.42408821034775235,0.0,0.0,22.688719253604752,0.0,1.6963528413910094,1.9083969465648853,0.42408821034775235,0.21204410517387617,V33,Pseudomonas_E,False
135.27397260273975,0.0,0.0,0.0,0.4892367906066536,0.2446183953033268,0.0,0.0,3.669275929549902,1.7123287671232876,0.0,1.467710371819961,0.2446183953033268,0.2446183953033268,0.4892367906066536,1.223091976516634,3.9138943248532287,2.446183953033268,3.9138943248532287,0.4892367906066536,1.7123287671232876,0.0,0.0,0.2446183953033268,15.655577299412915,1.9569471624266144,0.0,3.1800391389432483,5.136986301369863,0.2446183953033268,0.0,0.2446183953033268,22.749510763209393,0.0,2.935420743639922,3.669275929549902,0.7338551859099804,0.9784735812133072,V34,Stenotrophomonas,False
164.14590747330962,0.0,0.0,0.0,0.0,0.4448398576512455,0.0,0.0,0.0,0.0,0.0,2.224199288256228,0.4448398576512455,0.889679715302491,0.4448398576512455,0.0,4.0035587188612105,0.4448398576512455,0.889679715302491,0.0,0.4448398576512455,0.889679715302491,0.0,0.4448398576512455,14.234875444839856,2.224199288256228,0.0,0.0,4.0035587188612105,0.0,0.0,0.0,17.793594306049823,0.0,3.113879003558719,0.4448398576512455,1.3345195729537367,0.4448398576512455,V35,Acinetobacter,False
161.42270861833106,0.0,0.0,0.0,0.0,0.45599635202918376,0.0,0.0,1.823985408116735,0.0,0.0,1.823985408116735,0.9119927040583675,1.3679890560875512,0.45599635202918376,0.45599635202918376,3.64797081623347,1.3679890560875512,0.45599635202918376,0.0,0.45599635202918376,0.9119927040583675,0.0,0.45599635202918376,14.135886912904697,2.7359781121751023,0.0,0.0,5.927952576379389,0.0,0.0,0.0,23.25581395348837,0.0,4.1039671682626535,0.45599635202918376,0.45599635202918376,0.45599635202918376,V36,Acinetobacter,False
167.2946495855313,0.0,0.0,0.0,0.37678975131876413,0.37678975131876413,0.0,0.0,0.37678975131876413,0.0,0.37678975131876413,1.8839487565938207,0.37678975131876413,1.1303692539562924,0.37678975131876413,0.37678975131876413,6.782215523737754,2.637528259231349,11.303692539562924,0.0,0.37678975131876413,0.0,0.0,0.37678975131876413,15.44837980406933,2.637528259231349,0.0,0.37678975131876413,1.5071590052750565,0.0,0.0,0.0,18.462697814619442,0.0,3.391107761868877,0.7535795026375283,0.7535795026375283,0.37678975131876413,V37,Acinetobacter,False
115.95959595959596,0.0,0.0,0.0,0.0,0.40404040404040403,0.0,0.0,1.2121212121212122,0.40404040404040403,0.8080808080808081,2.4242424242424243,0.40404040404040403,1.2121212121212122,0.40404040404040403,0.40404040404040403,2.0202020202020203,1.2121212121212122,1.2121212121212122,0.0,0.0,0.0,0.0,0.40404040404040403,16.161616161616163,2.0202020202020203,0.0,0.40404040404040403,5.656565656565657,0.0,0.0,0.0,20.202020202020204,0.0,4.040404040404041,0.8080808080808081,0.40404040404040403,0.40404040404040403,V38,Acinetobacter,False
124.49883941759865,1.0550749103186325,0.0,0.0,2.9542097488921715,0.0,0.0,0.21101498206372651,0.8440599282549061,2.743194766828445,0.8440599282549061,1.8991348385735387,0.42202996412745303,0.6330449461911796,0.21101498206372651,1.8991348385735387,1.2660898923823591,1.2660898923823591,3.165224730955898,0.21101498206372651,0.21101498206372651,0.6330449461911796,0.21101498206372651,0.6330449461911796,14.138003798269677,1.8991348385735387,0.0,0.42202996412745303,2.5321797847647183,0.42202996412745303,0.0,0.0,22.156573116691284,0.0,2.110149820637265,2.110149820637265,0.8440599282549061,0.21101498206372651,V39,Pseudomonas_E,False
146.74783723165652,0.0,0.0,0.6408202499198975,0.32041012495994875,0.0,0.0,0.0,1.9224607497596924,0.9612303748798462,0.0,1.6020506247997437,0.6408202499198975,0.32041012495994875,0.6408202499198975,0.32041012495994875,0.0,0.6408202499198975,2.242870874719641,0.6408202499198975,0.6408202499198975,0.0,0.0,0.32041012495994875,18.904197372636975,2.56328099967959,0.0,3.8449214995193848,4.806151874399231,0.6408202499198975,0.0,0.32041012495994875,23.710349247036206,0.0,6.087792374239026,3.5245113745594363,0.6408202499198975,0.9612303748798462,V4,Stenotrophomonas,False
171.18444313494402,0.0,0.0,0.0,0.2946375957572186,0.2946375957572186,0.0,0.0,3.5356511490866236,1.1785503830288744,0.0,1.473187978786093,0.0,0.2946375957572186,0.2946375957572186,0.0,1.473187978786093,2.6517383618149677,10.017678255745434,0.2946375957572186,1.7678255745433118,0.0,0.0,0.2946375957572186,15.615792575132588,1.473187978786093,0.0,2.3571007660577488,6.776664702416028,0.5892751915144372,0.0,0.0,21.508544490276957,0.0,2.946375957572186,3.830288744843842,0.5892751915144372,0.5892751915144372,V40,Stenotrophomonas,False
155.34160340677653,0.0,0.0,0.0,0.0,0.18515089798185522,0.18515089798185522,0.0,1.1109053878911312,1.1109053878911312,1.2960562858729865,0.5554526939455656,0.37030179596371043,0.0,0.0,1.2960562858729865,0.7406035919274209,1.8515089798185522,5.184225143491946,0.5554526939455656,0.18515089798185522,0.37030179596371043,0.0,0.7406035919274209,13.51601555267543,0.9257544899092761,0.0,0.18515089798185522,4.999074245510091,0.0,0.0,0.0,23.699314941677468,0.0,2.0366598778004072,0.9257544899092761,0.37030179596371043,0.5554526939455656,V41,Achromobacter,False
108.59547184932879,0.0,0.0,0.2003606491685033,4.407934281707073,0.6010819475055099,0.0,0.4007212983370066,1.0018032458425166,0.6010819475055099,0.8014425966740132,2.604688439190543,0.4007212983370066,0.4007212983370066,0.2003606491685033,0.6010819475055099,1.8032458425165299,2.2039671408535364,9.617311160088159,0.2003606491685033,0.2003606491685033,0.4007212983370066,0.0,0.6010819475055099,16.028851933480265,1.8032458425165299,0.0,1.2021638950110198,4.007212983370066,0.4007212983370066,0.0,0.0,24.844720496894407,0.0,2.604688439190543,1.402524544179523,0.4007212983370066,0.2003606491685033,V42,Pseudomonas_E,False
175.8209822725952,0.0,0.0,0.5812263876780006,0.0,0.8718395815170009,0.0,0.0,0.0,0.5812263876780006,0.0,1.7436791630340018,0.5812263876780006,0.2906131938390003,0.5812263876780006,1.1624527753560012,0.5812263876780006,2.034292356873002,1.7436791630340018,0.8718395815170009,0.5812263876780006,0.5812263876780006,0.0,0.2906131938390003,16.564952048823017,1.7436791630340018,0.2906131938390003,0.5812263876780006,5.521650682941005,0.0,0.0,0.0,20.924149956408023,0.0,2.615518744551003,1.4530659691950014,1.1624527753560012,0.0,V5,Alcaligenes,False
149.131432317273,0.0,0.0,1.6388069485414618,0.3277613897082924,0.3277613897082924,0.0,0.0,1.3110455588331695,1.6388069485414618,0.0,1.9665683382497543,0.6555227794165848,0.3277613897082924,0.6555227794165848,0.6555227794165848,2.2943297279580466,1.6388069485414618,5.57194362504097,0.6555227794165848,0.0,0.3277613897082924,0.0,0.3277613897082924,18.02687643395608,1.9665683382497543,0.0,3.2776138970829236,6.227466404457555,0.0,0.0,0.3277613897082924,26.22091117666339,0.0,6.227466404457555,1.6388069485414618,0.0,0.6555227794165848,V6,Stenotrophomonas,False
242.8958051420839,0.0,0.0,1.0148849797023003,0.0,0.0,0.0,0.0,1.3531799729364007,1.0148849797023003,0.0,1.6914749661705006,0.33829499323410017,0.33829499323410017,0.0,0.0,1.0148849797023003,1.0148849797023003,0.6765899864682003,0.33829499323410017,0.6765899864682003,0.0,0.0,0.33829499323410017,13.870094722598106,0.6765899864682003,0.0,3.7212449255751014,4.736129905277402,0.33829499323410017,0.0,0.0,21.989174560216508,0.0,4.736129905277402,3.3829499323410013,0.33829499323410017,0.0,V7,Stenotrophomonas,False
132.53856942496495,0.0,0.0,0.0,0.0,0.3506311360448808,0.0,0.0,1.0518934081346423,0.7012622720897616,1.402524544179523,2.1037868162692845,0.3506311360448808,1.0518934081346423,0.7012622720897616,0.3506311360448808,2.4544179523141656,1.402524544179523,4.207573632538569,0.0,0.3506311360448808,0.3506311360448808,0.0,0.3506311360448808,17.88218793828892,2.4544179523141656,0.0,0.0,3.506311360448808,0.0,0.0,0.0,21.037868162692845,0.0,3.155680224403927,0.3506311360448808,1.0518934081346423,0.3506311360448808,V8,Acinetobacter,False
110.2306744145096,0.0,0.0,1.0565240359218173,2.993484768445149,0.0,0.0,0.35217467864060575,1.7608733932030287,1.408698714562423,0.5282620179609087,1.5847860538827259,0.17608733932030288,0.17608733932030288,0.0,2.4652227504842403,1.2326113752421202,1.408698714562423,6.3391442155309035,0.35217467864060575,0.35217467864060575,0.35217467864060575,0.0,0.5282620179609087,16.200035217467864,1.408698714562423,0.17608733932030288,1.2326113752421202,6.691318894171509,0.5282620179609087,0.0,0.0,22.53917943299877,0.17608733932030288,2.2891354111639375,0.7043493572812115,0.35217467864060575,0.17608733932030288,V9,Pseudomonas_E,False
